1,99623 Dakota Plaza,New Orleans,LA,82574
2,095 Kipling Terrace,Peoria,IL,94242
3,01 Lotheville Lane,Houston,TX,82399
4,5 Aberg Point,Richmond,VA,73267
5,0475 Pond Plaza,Philadelphia,PA,97198
6,0 Schiller Court,Miami,FL,34309
7,54 Pleasure Parkway,Corpus Christi,TX,13688
8,13 Fremont Circle,Los Angeles,CA,79634
9,34310 Summer Ridge Plaza,Tulsa,OK,95829
10,103 Vahlen Point,Corpus Christi,TX,36146
11,9272 Springview Street,Chico,CA,22611
12,4843 Golf Drive,Shawnee Mission,KS,29482
13,65 Scofield Plaza,San Bernardino,CA,97176
14,73132 Swallow Road,Milwaukee,WI,69314
15,310 Merry Court,Milwaukee,WI,52410
16,09350 Cascade Junction,Jacksonville,FL,67281
17,0039 Summit Road,Roanoke,VA,33659
18,7758 Del Mar Hill,Lafayette,IN,14376
19,4505 Pawling Center,Washington,DC,97462
20,7448 Lake View Plaza,Washington,DC,34545
21,311 Dottie Street,Bakersfield,CA,66779
22,4 Spaight Street,Duluth,MN,15319
23,237 Pleasure Way,Fairfax,VA,65896
24,49 Ridge Oak Circle,Mobile,AL,10123
25,84 Basil Drive,Harrisburg,PA,17273
26,9 Dunning Hill,New York City,NY,49219
27,6 John Wall Hill,Las Vegas,NV,29458
28,18468 Monica Road,Macon,GA,95771
29,3145 Porter Avenue,Saint Paul,MN,86050
30,12305 Waxwing Trail,Chicago,IL,69362
31,1575 Shasta Lane,San Antonio,TX,14670
32,6268 Hansons Avenue,Bloomington,IN,80404
33,507 Gulseth Road,Denver,CO,24850
34,52 8th Way,Norwalk,CT,82317
35,285 Ridgeview Lane,New York City,NY,64805
36,722 Cherokee Pass,Glendale,AZ,46041
37,0 Crownhardt Street,Richmond,VA,64802
38,66478 Melvin Point,Philadelphia,PA,72232
39,7768 Waxwing Center,Saint Paul,MN,91737
40,092 Melby Pass,Charlotte,NC,25647
41,75 Tennyson Center,Miami,FL,12407
42,5259 Lillian Parkway,Dulles,VA,29055
43,33297 Dennis Lane,Portland,OR,58224
44,66 Arkansas Center,Miami,FL,84905
45,4 Ridgeway Way,Des Moines,IA,70060
46,5 Hollow Ridge Drive,Pasadena,CA,12111
47,14136 Dottie Pass,Buffalo,NY,37704
48,22 Grasskamp Avenue,Brea,CA,22387
49,06928 Vahlen Pass,Norfolk,VA,23886
50,36 Chinook Street,Los Angeles,CA,71720
51,1 Anderson Avenue,Houston,TX,33610
52,35 Cascade Street,San Antonio,TX,71432
53,494 Calypso Center,Portland,OR,23409
54,093 Ludington Lane,Springfield,IL,72312
55,4270 Buhler Junction,New York City,NY,11379
56,39972 Hoffman Point,Ventura,CA,26561
57,9096 Myrtle Center,Albany,NY,18837
58,4799 Pond Center,Palo Alto,CA,53237
59,6653 Little Fleur Pass,Huntington,WV,56173
60,15015 Granby Terrace,San Antonio,TX,81413
61,26851 Summit Road,Duluth,MN,65432
62,186 Fallview Road,Saint Louis,MO,96130
63,90 Arrowood Court,Indianapolis,IN,41391
64,9055 Eastwood Way,San Antonio,TX,59492
65,5 Dapin Center,New Brunswick,NJ,21381
66,4417 Sycamore Place,Myrtle Beach,SC,97723
67,388 Greenwich St,New York,NY,10013
68,333 O'Farrell St,San Francisco,CA,94109
69,201 E Delaware Pl,Chicago,IL,60611
70,1 Vera Place,New York,NY,10016
71,853 Fremont Place,New York,NY,10011
72,7 Namekagon Circle,New York,NY,10128
73,6 Johnson Junction,New York,NY,11201
74,8 Miller Park,New York,NY,10011
75,86449 Spohn Avenue,Chicago,IL,60657
76,1171 Sunbrook Way,Chicago,IL,60614
77,1827 Lerdahl Place,Chicago,IL,60640
78,5 Shopko Crossing,Chicago,IL,60647
79,99905 Longview Terrace,Chicago,IL,60614
80,318 Vahlen Pass,San Francisco,CA,94109
81,4 Shasta Hill,San Francisco,CA,94109
82,84824 Merry Parkway,San Francisco,CA,94109
83,4 Novick Place,San Francisco,CA,94109
84,42 Fieldstone Drive,San Francisco,CA,94109
85,8 Mayer Circle,New York,NY,10025
86,6260 Farwell Alley,New York,NY,10023
87,4478 Michigan Hill,New York,NY,10025
88,7 Becker Junction,New York,NY,10023
89,47 Sunbrook Crossing,New York,NY,10025
90,8 Garrison Crossing,Chicago,IL,60614
91,1 Morningstar Parkway,Chicago,IL,60657
92,8 Hollow Ridge Hill,Chicago,IL,60614
93,12 Homewood Park,Chicago,IL,60657
94,994 Summer Ridge Park,Chicago,IL,60614
95,66 Cordelia Court,San Francisco,CA,94109
96,001 Novick Avenue,San Francisco,CA,94109
97,809 Kim Alley,San Francisco,CA,94109
98,98 Dovetail Park,San Francisco,CA,94109
99,73284 Old Gate Crossing,San Francisco,CA,94109
100,7 Dunning Place,New York,NY,11375
101,011 Morning Avenue,New York,NY,11235
102,983 Judy Alley,New York,NY,11375
103,436 Schiller Alley,New York,NY,11235
104,86 Russell Park,New York,NY,11325
105,13784 Meadow Vale Plaza,Chicago,IL,60657
106,22256 Moose Avenue,Chicago,IL,60614
107,33 Dakota Park,Chicago,IL,60640
108,71327 Rowland Avenue,Chicago,IL,60640
109,4587 Bobwhite Hill,Chicago,IL,60614
110,9993 Prairieview Drive,San Francisco,CA,94109
111,08 Florence Plaza,San Francisco,CA,94109
112,6 Division Plaza,San Francisco,CA,94109
113,2170 Barnett Park,San Francisco,CA,94109
114,91 Johnson Circle,San Francisco,CA,94109
115,36 Johnson Parkway,New York,NY,10011
116,42 Northview Plaza,San Francisco,CA,94109
117,42 Anniversary Plaza,San Francisco,CA,94109
118,37 Menomonie Road,San Francisco,CA,94109
119,7825 Spohn Road,San Francisco,CA,94109
120,6 Texas Court,San Francisco,CA,94109
121,6 Pearson Circle,New York,NY,10016
122,237 Daystar Circle,New York,NY,10011
123,6 Marcy Parkway,New York,NY,10128
124,89 Loomis Place,New York,NY,11201
125,2815 Shopko Court,New York,NY,10011
126,1 Pepper Wood Lane,Chicago,IL,60657
127,195 Manufacturers Terrace,Chicago,IL,60614
128,4533 Artisan Parkway,Chicago,IL,60640
129,0308 Lighthouse Bay Terrace,Chicago,IL,60647
130,74 Eastwood Trail,Chicago,IL,60614
131,6984 Paget Road,New York,NY,10016
132,35499 Superior Alley,New York,NY,10011
133,25846 4th Street,New York,NY,10128
134,58 Toban Place,New York,NY,11201
135,07 Glendale Crossing,New York,NY,10011
136,578 Lerdahl Terrace,Chicago,IL,60657
137,13788 Schlimgen Junction,Chicago,IL,60614
138,70923 Delaware Center,Chicago,IL,60640
139,17158 Sauthoff Hill,Chicago,IL,60647
140,152 Hollow Ridge Drive,Chicago,IL,60614
141,31777 Rigney Hill,San Francisco,CA,94109
142,78746 Miller Drive,San Francisco,CA,94109
143,41159 1st Park,San Francisco,CA,94109
144,8158 Calypso Lane,San Francisco,CA,94109
145,5 Merrick Circle,San Francisco,CA,94109
146,594 Glendale Place,New York,NY,10016
147,78320 Grover Place,New York,NY,10011
148,76009 Ludington Alley,New York,NY,10128
149,2 Victoria Road,New York,NY,11201
150,5 Holy Cross Terrace,New York,NY,10011
151,9 Nobel Circle,Chicago,IL,60657
152,669 Starling Point,Chicago,IL,60614
153,1930 Morning Circle,Chicago,IL,60640
154,9284 South Circle,Chicago,IL,60647
155,856 Carey Way,Chicago,IL,60614
156,70486 Eastwood Trail,San Francisco,CA,94109
157,95549 Laurel Pass,San Francisco,CA,94109
158,76 Hansons Way,San Francisco,CA,94109
159,4 Petterle Road,San Francisco,CA,94109
160,838 Loomis Court,San Francisco,CA,94109
161,1123 Sommers Plaza,New York,NY,10016
162,4566 Redwing Junction,New York,NY,10011
163,88 Continental Crossing,New York,NY,10128
164,3451 Dryden Trail,New York,NY,11201
165,0793 Vahlen Circle,New York,NY,10011
166,95 Alpine Lane,Chicago,IL,60657
167,672 Harbort Place,Chicago,IL,60614
168,8874 North Crossing,Chicago,IL,60640
169,47 Sachs Pass,Chicago,IL,60647
170,5 Talmadge Drive,Chicago,IL,60614
171,7905 Anniversary Drive,San Francisco,CA,94109
172,396 Manufacturers Place,San Francisco,CA,94109
173,0 Florence Trail,San Francisco,CA,94109
174,9 Northland Plaza,San Francisco,CA,94109
175,3992 Sauthoff Plaza,San Francisco,CA,94109
176,9 Blaine Point,New York,NY,10016
177,52088 Eagan Street,New York,NY,10011
178,2 Northwestern Trail,New York,NY,10128
179,6 Crowley Hill,New York,NY,11201
180,61 Manufacturers Drive,New York,NY,10011
181,8878 Village Trail,Chicago,IL,60657
182,180 Sachtjen Trail,Chicago,IL,60614
183,0170 Marquette Court,Chicago,IL,60640
184,334 New Castle Court,Chicago,IL,60647
185,39 Dawn Junction,Chicago,IL,60614
186,8885 Manley Park,San Francisco,CA,94109
187,5 Crownhardt Crossing,San Francisco,CA,94109
188,683 Bonner Court,San Francisco,CA,94109
189,53 Sunnyside Alley,San Francisco,CA,94109
190,5 Wayridge Avenue,San Francisco,CA,94109
191,6 Golden Leaf Crossing,New York,NY,10016
192,7351 Spohn Way,New York,NY,10011
193,8503 Lunder Crossing,New York,NY,10128
194,0 Alpine Court,New York,NY,11201
195,240 Mayer Crossing,New York,NY,10011
196,5 Northport Plaza,Chicago,IL,60657
197,59307 Jenifer Lane,Chicago,IL,60614
198,70 Vahlen Center,Chicago,IL,60640
199,478 Rigney Terrace,Chicago,IL,60647
200,22876 Bartillon Center,Chicago,IL,60614
201,04 Harbort Street,San Francisco,CA,94109
202,99 Iowa Park,San Francisco,CA,94109
203,4 Johnson Park,San Francisco,CA,94109
204,263 Shoshone Lane,San Francisco,CA,94109
205,33 Mesta Place,San Francisco,CA,94109
206,9233 Derek Circle,San Francisco,CA,94109
207,323 Boyd Lane,San Francisco,CA,94109
208,6 Prairie Rose Plaza,San Francisco,CA,94109
209,80 Mifflin Avenue,San Francisco,CA,94109
210,01 Kings Point,San Francisco,CA,94109
